key	english	french	russian	bulgarian
Conversations/Bank/Dell/Banked Lines/ally/ally/1	The Dragonguard are lucky to have you as an ally.	La Garde des dragons a de la chance de te compter parmi ses alliés.	Драконьей страже повезло, что у нас есть такой союзник!	The Dragonguard are lucky to have you as an ally.
Conversations/Bank/Dell/Banked Lines/ally/ally/init	Thanks for all your help, [Ari]!	Merci pour ton aide, [Ari] !	Спасибо за всю твою помощь, [Ari]!	Thanks for all your help, [Ari]!
Conversations/Bank/Dell/Banked Lines/bad_museum_visit/bad_museum_visit/1	Luc accidentally let his beetles out, and my frog got away, and Mr. Errol did NOT like any of that.	Luc a laissé s'échapper ses coléoptères sans le faire exprès, moi, ma grenouille s'est sauvée et M. Errol n'a pas aimé ça du tout.	Люк случайно выпустил одного жука, и ещё моя лягушка сбежала, и мистеру Эрролу это всё ОЧЕНЬ не понравилось.	Luc accidentally let his beetles out, and my frog got away, and Mr. Errol did NOT like any of that.
Conversations/Bank/Dell/Banked Lines/bad_museum_visit/bad_museum_visit/init	We got into big trouble last time we went to the Museum.	On a eu de gros ennuis la dernière fois qu'on est allés au musée.	Мы попали в неприятности в прошлый раз, когда были в музее.	We got into big trouble last time we went to the Museum.
Conversations/Bank/Dell/Banked Lines/balor_lets_us_play_in_rain/balor_lets_us_play_in_rain/1	A mighty force, huh? She must get it from me!	Une super puissance, hein ? Elle doit tenir ça de moi !	Большая сила, ага! Наверное, это у неё от меня!	A mighty force, huh? She must get it from me!
Conversations/Bank/Dell/Banked Lines/balor_lets_us_play_in_rain/balor_lets_us_play_in_rain/init	Mister Balor said he would normally let us play in the rain, but Mom is a mighty force who he must never cross.	Monsieur Balor a dit qu'il nous laisserait volontiers jouer sous la pluie, mais que maman était une super puissance qu'il ne devait surtout pas mettre en colère.	Мистер Балор сказал, что разрешил бы нам играть под дождём, но мама — слишком большая сила, которую лучшее не злить.	Mister Balor said he would normally let us play in the rain, but Mom is a mighty force who he must never cross.
Conversations/Bank/Dell/Banked Lines/basement/basement_1/init	[Ari]! [Ari]! Hi!	[Ari] ! [Ari] ! Salut !	[Ari]! [Ari]! Привет!	[Ari]! [Ari]! Hi!
Conversations/Bank/Dell/Banked Lines/bed/bed/init	Good night, [Ari]!	Bonne nuit, [Ari] !	Спокойной ночи, [Ari]!	Good night, [Ari]!
Conversations/Bank/Dell/Banked Lines/bedtime_story/bedtime_story/init	My favorite bedtime story is Beginner's Sword Manual, but mom won't read it to me anymore... I wonder why.	Mon histoire du soir préférée, c'est le manuel de l'épéiste débutant, mais maman ne veut plus me la lire... Je me demande pourquoi.	Моя любимая сказка на ночь — это инструкция по обращению с мечом для новичков, но мама почему-то не хочет больше мне её читать...	My favorite bedtime story is Beginner's Sword Manual, but mom won't read it to me anymore... I wonder why.
Conversations/Bank/Dell/Banked Lines/buy_potato/buy_potato/1	And I order you to buy a potato!	Et je t'ordonne d'acheter une pomme de terre !	И я приказываю тебе купить эту картофелину!	And I order you to buy a potato!
Conversations/Bank/Dell/Banked Lines/buy_potato/buy_potato/init	Today I am the boss of the General Store, [Ari].	Aujourd'hui, c'est moi la cheffe du magasin général, [Ari].	Сегодня в универмаге я босс, [Ari]	Today I am the boss of the General Store, [Ari].
Conversations/Bank/Dell/Banked Lines/caldarus/dell_0_follow_up/1	I know I'm not supposed to go in there, but that basically means I HAVE to go in there, you know?	Je sais que je ne suis pas censée y aller, mais en gros, ça veut dire que je suis OBLIGÉE d'y aller, tu vois ?	Знаю, знаю, мне нельзя туда ходить, но это значит, что мне непременно нужно сходить именно туда, понимаешь?	I know I'm not supposed to go in there, but that basically means I HAVE to go in there, you know?
Conversations/Bank/Dell/Banked Lines/caldarus/dell_0_follow_up/2	I'm sure there's all kinds of creatures in there! I haven't seen any of them, but that doesn't mean they're not real. And I'm not scared of them or anything.	Je suis sûre qu'il y a tout un tas de créatures, là-bas ! Je n'en ai vu aucune, mais ça ne veut pas dire qu'elles n'existent pas. Et puis je n'ai pas du tout peur d'elles.	Там наверняка куча всяких существ! Я никогда их не видела, но они там точно есть! И я их совсем не боюсь.	I'm sure there's all kinds of creatures in there! I haven't seen any of them, but that doesn't mean they're not real. And I'm not scared of them or anything.
Conversations/Bank/Dell/Banked Lines/caldarus/dell_0_follow_up/3	After all, there's nothing scarier than my mom when she finds out I went into the Deep Woods.	C'est vrai, au fond, il n'y a rien qui peut faire plus peur que maman quand elle apprendra que je suis allée à Boissombre.	Они точно не страшнее моей мамы, когда она узнает, что я ходила в Глубокую чащу.	After all, there's nothing scarier than my mom when she finds out I went into the Deep Woods.
Conversations/Bank/Dell/Banked Lines/caldarus/dell_0_follow_up/init	The Deep Woods are so cool, [Ari]!	La forêt de Boissombre est vraiment géniale, [Ari] !	Глубокая чаща такая крутая, [Ari]!	The Deep Woods are so cool, [Ari]!
Conversations/Bank/Dell/Banked Lines/celine_good_mood/celine_good_mood/1	Wait-	Attends...	Стоп...	Wait-
Conversations/Bank/Dell/Banked Lines/celine_good_mood/celine_good_mood/2	Do you think it's because she doesn't have to share a room with me anymore?	Tu crois que c'est parce qu'elle n'est plus obligée de partager sa chambre avec moi ?	Думаешь, это потому что ей больше не приходится делить со мной комнату?	Do you think it's because she doesn't have to share a room with me anymore?
Conversations/Bank/Dell/Banked Lines/celine_good_mood/celine_good_mood/3	Or maybe because Mom's not nagging her as much.	Ou peut-être parce que maman lui fait beaucoup moins de réflexions.	Или, может, потому что мама её меньше пилит?	Or maybe because Mom's not nagging her as much.
Conversations/Bank/Dell/Banked Lines/celine_good_mood/celine_good_mood/4	Or because she doesn't have to listen to as many of Dad's puns!	Ou alors parce qu'elle n'a plus à écouter toutes les blagues de papa !	Или потому что ей не приходится слушать столько папиных каламбуров?!	Or because she doesn't have to listen to as many of Dad's puns!
Conversations/Bank/Dell/Banked Lines/celine_good_mood/celine_good_mood/5	Yeah, it must be that!	Oui, c'est sûrement ça !	Ага, наверняка дело в этом!	Yeah, it must be that!
Conversations/Bank/Dell/Banked Lines/celine_good_mood/celine_good_mood/init	Celine's been in a good mood lately...	Céline est de bonne humeur en ce moment...	Селин в последнее время в хорошем настроении...	Celine's been in a good mood lately...
Conversations/Bank/Dell/Banked Lines/celine_is_the_best/celine_is_the_best/1	My big sister is pretty amazing!	Elle est quand même super fortiche, ma grande sœur !	У меня классная старшая сестра!	My big sister is pretty amazing!
Conversations/Bank/Dell/Banked Lines/celine_is_the_best/celine_is_the_best/init	Celine knows so much about plants and stuff...	Céline connaît tellement de choses sur les plantes et tout ça...	Селин так много знает про растения и тому подобное...	Celine knows so much about plants and stuff...
Conversations/Bank/Dell/Banked Lines/celine_knights/celine_knights/1	We used to have knights!	On avait même des chevaliers !	У нас раньше были рыцари!	We used to have knights!
Conversations/Bank/Dell/Banked Lines/celine_knights/celine_knights/init	I like when Celine tells us really old stories about Aldaria.	J'aime bien quand Céline nous raconte des histoires vraiment très anciennes à propos d'Aldaria.	Мне нравится, когда Селин рассказывает нам старые истории про Альдарию.	I like when Celine tells us really old stories about Aldaria.
Conversations/Bank/Dell/Banked Lines/dinner_dragonguard_approved/dinner_dragonguard_approved/init	Dinner is yummy tonight! That makes it Dragonguard approved.	Le dîner de ce soir est trop bon ! Ça veut dire qu'il est approuvé par la Garde des dragons.	Ужин сегодня вкусный! Драконья стража одобряет.	Dinner is yummy tonight! That makes it Dragonguard approved.
Conversations/Bank/Dell/Banked Lines/dragon_tail/dragon_tail/1	From now on you'll be known as... THE DRAGON'S TAIL!	À partir de maintenant, on t'appellera... LA QUEUE DU DRAGON !	Отныне ты будешь <p>известны</p><f>известна</f><m>известен</m><n>известно</n> как... ДРАКОНИЙ ХВОСТ!	From now on you'll be known as... THE DRAGON'S TAIL!
Conversations/Bank/Dell/Banked Lines/dragon_tail/dragon_tail/init	You're an honorary member of the Dragonguard, [Ari]. And a true friend.	Tu es membre d'honneur de la Garde des dragons, [Ari]. Et <he>un vrai ami</he><she>une vraie amie</she><they>on te compte parmi nos vrais amis</they>.	Ты — почётный член Драконьей стражи, [Ari]. И <p>настоящие друзья</p><f>настоящая подруга</f><m>настоящий друг</m><n>настоящее друг</n>!	You're an honorary member of the Dragonguard, [Ari]. And a true friend.
Conversations/Bank/Dell/Banked Lines/dragonguard_armory/dragonguard_armory/1	Mister March taught me that word. It means sword room!	C'est monsieur March qui m'a appris ce mot. Ça veut dire la salle des épées !	Мне это слово сказал мистер Март. Оно значит «комната с мечами»!	Mister March taught me that word. It means sword room!
Conversations/Bank/Dell/Banked Lines/dragonguard_armory/dragonguard_armory/init	Hi, [Ari]! Welcome to the Dragonguard armory!	Bonjour, [Ari] ! Bienvenue dans l'armurerie de la Garde des dragons !	Привет, [Ari]! Добро пожаловать в оружейную Драконьей стражи!	Hi, [Ari]! Welcome to the Dragonguard armory!
Conversations/Bank/Dell/Banked Lines/every_meal/every_meal/1	Second dinner, midnight snack, second midnight snack...	Deuxième dîner, goûter de la nuit, deuxième goûter de la nuit...	Второй ужин, перекус, второй ночной перекус...	Second dinner, midnight snack, second midnight snack...
Conversations/Bank/Dell/Banked Lines/every_meal/every_meal/init	I could eat cake for every meal... breakfast, lunch, dinner, dessert...	Je pourrais manger du gâteau à tous les repas... Petit-déjeuner, déjeuner, goûter, dîner...	Я бы ела пирожные и на завтрак, и на обед, и на ужин...	I could eat cake for every meal... breakfast, lunch, dinner, dessert...
Conversations/Bank/Dell/Banked Lines/evil_rain/evil_rain/init	Luc's spies say that evil wizard who's making it rain is hiding in the fountain...	Les espions de Luc affirment que le sorcier maléfique qui fait pleuvoir se cache dans la fontaine...	Шпионы Люка докладывают, что злой волшебник, насылающий дождь, прячется внутри фонтана...	Luc's spies say that evil wizard who's making it rain is hiding in the fountain...
Conversations/Bank/Dell/Banked Lines/fountain_in_rain/fountain_in_rain/init	I really wanna jump in the fountain, but I don't wanna get in trouble with Mom again... which is why I'm gonna jump in when it's raining! Perfect crime!	J'ai vraiment envie de sauter dans la fontaine, mais je n'ai pas envie d'avoir encore des ennuis avec maman... Donc je sauterai dedans quand il pleuvra ! Le crime parfait !	Я очень хочу прыгнуть в фонтан, но я очень не хочу опять злить маму... Поэтому я прыгну в фонтан, когда будет дождь! Идеальное преступление!	I really wanna jump in the fountain, but I don't wanna get in trouble with Mom again... which is why I'm gonna jump in when it's raining! Perfect crime!
Conversations/Bank/Dell/Banked Lines/free_smile/free_smile/1	My dad told me to say that.	C'est mon papa qui m'a dit de dire ça.	Папа сказал мне так говорить.	My dad told me to say that.
Conversations/Bank/Dell/Banked Lines/free_smile/free_smile/init	Every purchase comes with a free smile!	Pour chaque achat, un sourire gratuit est offert !	К каждой покупке — улыбка в подарок!	Every purchase comes with a free smile!
Conversations/Bank/Dell/Banked Lines/going_to_bed/going_to_bed/init	I want to stay up and play, but mom says I have to go to bed...	J'ai envie de continuer à jouer, mais maman dit que je dois aller au lit...	Я хочу играть, но мама говорит, что мне пора спать...	I want to stay up and play, but mom says I have to go to bed...
Conversations/Bank/Dell/Banked Lines/greeting_ari/greeting_ari/1	That place is haunted you know...	L'endroit est hanté, tu sais...	А ты знаешь, что та ферма проклята?..	That place is haunted you know...
Conversations/Bank/Dell/Banked Lines/greeting_ari/greeting_ari/2	Haunted with monsters! I saw one hiding behind a tree!	Hanté par des monstres ! Je te jure, j'en ai vu un se cacher derrière un arbre !	Там монстры! Клянусь, я видела, как один прячется за деревом!	Haunted with monsters! I saw one hiding behind a tree!
Conversations/Bank/Dell/Banked Lines/greeting_ari/greeting_ari/3	Let me know if you have any trouble and I can take care of them for you.	Préviens-moi s'ils te causent des ennuis, je pourrai m'occuper d'eux pour toi.	Если тебе страшно, скажи, и я от них избавлюсь.	Let me know if you have any trouble and I can take care of them for you.
Conversations/Bank/Dell/Banked Lines/greeting_ari/greeting_ari/init	Hello! Are you the one moving to the old farm? I'm Dell!	Salut ! C'est toi qui t'installes dans la vieille ferme ? Moi, c'est Dell !	Приветик! Это ты въезжаешь на старую ферму? Я Делл!	Hello! Are you the one moving to the old farm? I'm Dell!
Conversations/Bank/Dell/Banked Lines/helping_register/helping_register/init	Hi [Ari]! I'm helping!	Salut, [Ari] ! Je donne un coup de main !	Привет, [Ari]! Я помогаю!	Hi [Ari]! I'm helping!
Conversations/Bank/Dell/Banked Lines/hungry_and_sleepy/hungry_and_sleepy/init	Grownups always say we're lucky to play all day, but playing is hard work! I'm hungry and sleepy!	Les grands disent toujours qu'on a de la chance de jouer toute la journée, mais c'est du travail, de jouer ! J'ai faim et je suis fatiguée !	Взрослые говорят, что нам везёт, что мы можем целый день играть. Но играть — это тяжелая работа! Я голодная и хочу спать!	Grownups always say we're lucky to play all day, but playing is hard work! I'm hungry and sleepy!
Conversations/Bank/Dell/Banked Lines/i_want_candy/i_want_candy/init	I want candy for dinner... I'm allowed, right?	Je veux que mon dîner, ce soit des bonbons... J'ai le droit, hein ?	Хочу конфеты на ужин... Можно же, да?	I want candy for dinner... I'm allowed, right?
Conversations/Bank/Dell/Banked Lines/i_want_to_do_quests/i_want_to_do_quests/init	I can't wait till I'm old enough to do quests from the board... it'll be a new era for the Dragonguard!	J'ai vraiment trop hâte d'être assez grande pour pouvoir accomplir des quêtes du panneau... Ce sera une nouvelle ère pour la Garde des dragons !	Не могу дождаться когда вырасту и смогу выполнять поручения с доски... Тогда настанет новая эра для Драконьей стражи!	I can't wait till I'm old enough to do quests from the board... it'll be a new era for the Dragonguard!
Conversations/Bank/Dell/Banked Lines/impressed_by_sword/impressed_by_sword/init	Hey! Did Lady Adeline really give you a sword? That's so COOL!	Hé ! Dame Adeline t'a vraiment donné une épée ? C'est TROP génial !	Эй, это правда, что леди Аделина подарила тебе меч? КРУТО!	Hey! Did Lady Adeline really give you a sword? That's so COOL!
Conversations/Bank/Dell/Banked Lines/lucs_bugs/lucs_bugs/init	Luc is our bug expert! I wonder if he could train his bugs to be the Dragonguard's spy network...	Luc est notre expert en petites bêtes ! Je me demande s'il pourrait entraîner ses insectes pour qu'ils intègrent le réseau d'espions de la Garde des dragons...	Люк — наш эксперт по жукам! Интересно, сможет ли он натренировать их и сделать шпионами для Драконьей стражи...	Luc is our bug expert! I wonder if he could train his bugs to be the Dragonguard's spy network...
Conversations/Bank/Dell/Banked Lines/mermaid/mermaid/1	Oh, wait, no... the other half is a fish too.	Oh, attendez, non... L'autre moitié, c'est un poisson aussi.	Ай, подождите, нет... Вторая половина тоже как у рыбы.	Oh, wait, no... the other half is a fish too.
Conversations/Bank/Dell/Banked Lines/mermaid/mermaid/init	Maple, Luc, over here! Look! It's a mermaid!	Maple, Luc, par ici ! Regardez ! Une sirène !	Мэйпл, Люк, сюда! Смотрите! Русалка!	Maple, Luc, over here! Look! It's a mermaid!
Conversations/Bank/Dell/Banked Lines/more_snacks/more_snacks/1	The Dragonguard needs adventuring rations.	La Garde des dragons a besoin de rations pour ses aventures.	Драконьей страже нужны пайки для приключений.	The Dragonguard needs adventuring rations.
Conversations/Bank/Dell/Banked Lines/more_snacks/more_snacks/init	I asked mom to pack me extra food this morning!	J'ai demandé à maman de me préparer de la nourriture en plus, ce matin !	Сегодня утром я попросила маму собрать мне побольше еды!	I asked mom to pack me extra food this morning!
Conversations/Bank/Dell/Banked Lines/need_sleep/need_sleep/init	Mom says the fastest way to get strong is to sleep lots, which makes sense cause I always catch Errol napping at the Museum. And he's real strong!	Maman dit que pour devenir forte, il faut dormir beaucoup, et c'est logique, parce que je surprends toujours Errol en train de faire la sieste au musée. Et il est très fort !	Мама говорит, что самый быстрый способ стать сильнее — это больше спать. Логично, я частенько вижу, как мистер Эррол сопит в музее, а он очень сильный!	Mom says the fastest way to get strong is to sleep lots, which makes sense cause I always catch Errol napping at the Museum. And he's real strong!
Conversations/Bank/Dell/Banked Lines/new_adventure/new_adventure/1	We should find an actual dragon! Do you know where we can find one?	Il faudrait qu'on trouve un vrai dragon ! Tu sais où on pourrait en trouver un ?	Нам нужно найти настоящего дракона. Ты случайно не знаешь, где такого искать? 	We should find an actual dragon! Do you know where we can find one?
Conversations/Bank/Dell/Banked Lines/new_adventure/new_adventure/init	Hi [Ari]! I was just thinking about the Dragonguard's next adventure.	Salut, [Ari] ! J'étais en train de réfléchir à la prochaine aventure de la Garde des dragons.	Привет, [Ari]! Я планировала следующее приключение для Драконьей стражи.	Hi [Ari]! I was just thinking about the Dragonguard's next adventure.
Conversations/Bank/Dell/Banked Lines/new_dragonguard/new_dragonguard/1	I'll put in a good word for you next time we have an opening.	Je te recommanderai dès qu'il y aura une ouverture de poste.	Я поручусь за тебя в следующий раз, когда мы откроем набор.	I'll put in a good word for you next time we have an opening.
Conversations/Bank/Dell/Banked Lines/new_dragonguard/new_dragonguard/init	You'd make a great member of the Dragonguard, [Ari].	Tu ferais <he>un super membre </he><she>une super membre </she><they>un·e super membre </they>de la Garde des dragons, [Ari].	Из тебя получился бы отличный член Драконьей стражи, [Ari].	You'd make a great member of the Dragonguard, [Ari].
Conversations/Bank/Dell/Banked Lines/no_swords/no_swords/init	I wanted to ask Mr. Errol about cool swords, but he kept talking about old pots...	Je voulais poser des questions à monsieur Errol sur les épées, mais il ne parlait que des vieilles poteries...	Я хотела спросить у мистера Эррола про крутые мечи, но он говорит только о старых горшках...	I wanted to ask Mr. Errol about cool swords, but he kept talking about old pots...
Conversations/Bank/Dell/Banked Lines/protect_the_town/protect_the_town/1	From, um... earthquakes!	Des, euh... tremblements de terre !	От... землетрясений!	From, um... earthquakes!
Conversations/Bank/Dell/Banked Lines/protect_the_town/protect_the_town/init	Look alive, Dragonguard! We have to protect the town!	Du nerf, Garde des dragons ! On doit protéger la ville !	Быть начеку, Драконья стража! Мы должны защитить город!	Look alive, Dragonguard! We have to protect the town!
Conversations/Bank/Dell/Banked Lines/putting_candy_in_stew/putting_candy_in_stew/init	They won't even let me put candy in the stew! Candy is a perfectly acceptable crouton!	On ne me laisse même pas mettre des bonbons dans mon ragoût ! Pourtant, en guise de croûton, ça irait très bien !	Никто не разрешает мне класть в рагу конфеты! Но ведь они же идеально туда подходят!	They won't even let me put candy in the stew! Candy is a perfectly acceptable crouton!
Conversations/Bank/Dell/Banked Lines/rainy_mud/rainy_mud/1	It's for camouflage!	Ça me sert pour le camouflage !	Для камуфляжа!	It's for camouflage!
Conversations/Bank/Dell/Banked Lines/rainy_mud/rainy_mud/init	I always collect as much mud as I can when it rains.	Quand il pleut, je ramasse autant de boue que possible.	Когда дождь, я стараюсь собрать как можно больше грязи.	I always collect as much mud as I can when it rains.
Conversations/Bank/Dell/Banked Lines/rainy_outside_adventures/rainy_outside_adventures/1	But outside is where the adventures are!	Mais c'est à l'extérieur qu'il y a des aventures !	Но все приключения ждут меня там, а не здесь!	But outside is where the adventures are!
Conversations/Bank/Dell/Banked Lines/rainy_outside_adventures/rainy_outside_adventures/init	Mom said I'll catch a cold if I play outside.	Maman dit que je vais attraper froid si je joue dehors.	Мама говорит, что, если буду играть на улице, простужусь.	Mom said I'll catch a cold if I play outside.
Conversations/Bank/Dell/Banked Lines/reach_the_counter/reach_the_counter/init	Let me know if I can help you, [Ari]! And maybe you can help me... reach the counter.	Dis-moi si je peux t'aider, [Ari] ! Et toi, tu pourrais peut-être m'aider... à atteindre le comptoir.	Скажи, если я могу чем-то помочь, [Ari]! И если ты можешь помочь мне дотянуться до прилавка, тоже скажи.	Let me know if I can help you, [Ari]! And maybe you can help me... reach the counter.
Conversations/Bank/Dell/Banked Lines/snowed_out/snowed_out/1	Just kidding!	Je blague !	Шучу, конечно! Ещё не всё!	Just kidding!
Conversations/Bank/Dell/Banked Lines/snowed_out/snowed_out/init	After today, I'm all snowed out.	Après la journée d'aujourd'hui, je fonds de fatigue.	Сегодня я себе вообще всё отморозила...	After today, I'm all snowed out.
Conversations/Bank/Dell/Banked Lines/taliferro_challenge/taliferro_challenge/1	Maybe it wasn't big enough? Or maybe I need to use more mud...	Peut-être qu'elle n'était pas assez grosse ? Ou alors il faut que je mette plus de boue...	Может, он был слишком маленький? Или надо использовать побольше грязи...	Maybe it wasn't big enough? Or maybe I need to use more mud...
Conversations/Bank/Dell/Banked Lines/taliferro_challenge/taliferro_challenge/2	I'll bring him a jumbo deluxe mud pie next week!	La semaine prochaine, je lui apporterai une maxi-tarte à la boue deluxe !	В следующий раз принеу ему огромный грязевой пирожок-делюкс!	I'll bring him a jumbo deluxe mud pie next week!
Conversations/Bank/Dell/Banked Lines/taliferro_challenge/taliferro_challenge/init	Taliferro rejected my mud pie!	Monsieur Taliferro a rejeté ma tarte à la boue !	Талиферро не принял мой грязевой пирожок!	Taliferro rejected my mud pie!
Conversations/Bank/Dell/Banked Lines/terithia_adventuring/terithia_adventuring/1	She showed us how to tie knots from when she was a sailor!	Elle nous a montré comment faire des nœuds, elle a appris ça quand elle était marin !	Она показала нам, как завязывать морские узлы!	She showed us how to tie knots from when she was a sailor!
Conversations/Bank/Dell/Banked Lines/terithia_adventuring/terithia_adventuring/init	Terithia sure knows a lot about adventuring!	Terithia s'y connaît drôlement en aventures !	Теризия много знает про приключения!	Terithia sure knows a lot about adventuring!
Conversations/Bank/Dell/Banked Lines/train_you/train_you/init	I can train you in the ways of the sword and stuff, [Ari]. If you want!	Je peux t'apprendre à manier l'épée et tout, [Ari]. Enfin, si tu veux !	Я могу научить тебя пути меча и тому подобное, [Ari]! Если захочешь!	I can train you in the ways of the sword and stuff, [Ari]. If you want!
Conversations/Bank/Dell/Banked Lines/training_not_playing/training_not_playing/init	I keep telling Dad that I'm not playing, I'm TRAINING, but he keeps forgetting.	J'arrête pas de dire à papa que je ne joue pas, je m'ENTRAÎNE, mais il oublie tout le temps.	Я говорю папе, что не играю, а ТРЕНИРУЮСЬ, но он постоянно забывает.	I keep telling Dad that I'm not playing, I'm TRAINING, but he keeps forgetting.
Conversations/Bank/Dell/Banked Lines/travel_determined_for_knighthood/determined_for_knighthood/init	I gotta do something really impressive so Lady Adeline will knight me too...	Je dois faire quelque chose de très impressionnant pour que dame Adeline me fasse chevaleresse, moi aussi...	Мне нужно сделать что-нибудь впечатляющее, чтобы леди Аделина меня тоже в рыцари посвятила...	I gotta do something really impressive so Lady Adeline will knight me too...
Conversations/Bank/Dell/Banked Lines/travel_to_juniper/travel_to_juniper/init	I have questions about potions, and I know just who to ask...	J'ai des questions sur des potions et je sais exactement à qui demander...	У меня есть некоторые вопросы про зелья, и я точно знаю, кому их задать...	I have questions about potions, and I know just who to ask...
Conversations/Bank/Dell/Banked Lines/week_one_pt_1/week_one_pt_1/1	You GOTTA tell me if you do! The Dragonguard helps anyone in need!	Si c'est le cas, tu dois ABSOLUMENT me le dire ! La Garde des dragons aide tous ceux qui en ont besoin !	Если попадутся, сразу расскажи! Драконья стража помогает всем нуждающимся!	You GOTTA tell me if you do! The Dragonguard helps anyone in need!
Conversations/Bank/Dell/Banked Lines/week_one_pt_1/week_one_pt_1/init	Are you still clearing out your farm, [Ari]? Have you found any monsters?	Tu es toujours en train de débroussailler ta ferme, [Ari] ? Tu as trouvé des monstres ?	Еще расчищаешь свою ферму, [Ari]? Какие-нибудь монстры попадались? 	Are you still clearing out your farm, [Ari]? Have you found any monsters?
Conversations/Bank/Dell/Banked Lines/week_one_pt_2/week_one_pt_2/1	It's not fair! I want my own cottage, too!	Il y a TELLEMENT d'aventures à Mistria, [Ari] !	Но это нечестно! Я тоже хочу собственный домик!	It's not fair! I want my own cottage, too!
Conversations/Bank/Dell/Banked Lines/week_one_pt_2/week_one_pt_2/init	I don't have to share my room anymore, ever since Celine moved out...	Comme il n'y a pas longtemps que tu es là, je vais te dire un secret...	С тех пор, как Селин съехала, мне больше не нужно делить с ней комнату...	I don't have to share my room anymore, ever since Celine moved out...
Conversations/Bank/Dell/Banked Lines/were_the_dragonguard/were_the_dragonguard/1	Together, we're the Dragonguard of Mistria!	Ensemble, on forme la Garde des dragons de Mistria !	Вместе мы — Драконья стража Мистрии!	Together, we're the Dragonguard of Mistria!
Conversations/Bank/Dell/Banked Lines/were_the_dragonguard/were_the_dragonguard/init	I'm the Dragon's Claw, Maple is the Dragon's Fang, and Luc is the Dragon's Wing.	Moi, je suis la Griffe du dragon, Maple est le Croc du dragon et Luc est l'Aile du dragon.	Я — Драконий коготь, Мэйпл — Драконий клык, а Люк — Драконье крыло.	I'm the Dragon's Claw, Maple is the Dragon's Fang, and Luc is the Dragon's Wing.
Conversations/Bank/Dell/Banked Lines/you_look_tired/you_look_tired/init	You look sooo tired! Why don't grown-ups do nap time?	Tu as l'air teeeellement <he>fatigué</he><she>fatigué</she><they>fatigué·e</they> ! Pourquoi est-ce que les adultes ne font jamais la sieste ?	Ты выглядишь <p>такими усталыми</p><f>такой усталой</f><m>таким усталым</m><n>таким усталым</n>. Почему у взрослых нет тихого часа?	You look sooo tired! Why don't grown-ups do nap time?
Conversations/Bank/Dell/Gift Lines/gift_lines/birthday_gift/1	The Dragonguard will remember this.	La Garde des dragons s'en souviendra.	Драконья стража запомнит это.	The Dragonguard will remember this.
Conversations/Bank/Dell/Gift Lines/gift_lines/birthday_gift/init	A birthday present? Wow, [Ari]! You're the best ever!	Un cadeau d'anniversaire ? Waouh, [Ari] ! T'es vraiment <he>le meilleur</he><she>la meilleure</she><they>trop super</they> !	Подарок на день рождения? Вау, [Ari]! Ты просто <p>лучшие</p><f>лучшая</f><m>лучший</m><n>лучшее</n>!	A birthday present? Wow, [Ari]! You're the best ever!
Conversations/Bank/Dell/Gift Lines/gift_lines/broccoli/init	A r-real hero could handle this $Broccoli$... I gotta keep training...	Une v-vraie héroïne viendrait à bout de ce $brocoli$... Je dois continuer à m'entraîner...	Н-настоящие герои не боятся $брокколи$!.. Мне нужно продолжать тренировки...	A r-real hero could handle this $Broccoli$... I gotta keep training...
Conversations/Bank/Dell/Gift Lines/gift_lines/disliked_gift/1	Oh, maybe I can throw it in the ocean!	Oh, je pourrais peut-être le jeter à la mer !	О! Может, бросить в океан?!	Oh, maybe I can throw it in the ocean!
Conversations/Bank/Dell/Gift Lines/gift_lines/disliked_gift/init	What should I do with this, [Ari]?	Qu'est-ce que je dois faire de ça, [Ari] ?	[Ari], и что мне с этим делать?	What should I do with this, [Ari]?
Conversations/Bank/Dell/Gift Lines/gift_lines/liked_gift/init	Yay! Thank you, [Ari]!	Youpi ! Merci, [Ari] !	Ура! Спасибо, [Ari]!	Yay! Thank you, [Ari]!
Conversations/Bank/Dell/Gift Lines/gift_lines/liked_gift_2/init	Aw, neat! Thanks, [Ari]!	Oh, génial ! Merci, [Ari] !	Ах, класс! Спасибо, [Ari]!	Aw, neat! Thanks, [Ari]!
Conversations/Bank/Dell/Gift Lines/gift_lines/liked_gift_edible/init	Yay! I'm gonna share this with Luc and Maple!	Youpi ! Je vais partager ça avec Luc et Maple !	Ура! Поделюсь с Люком и Мэйпл!	Yay! I'm gonna share this with Luc and Maple!
Conversations/Bank/Dell/Gift Lines/gift_lines/loved_gift/1	I gotta go put this in the Dragonguard's secret treasure vault!	Il faut que je mette ça dans le coffre-fort secret de la Garde des dragons !	Такое точно нужно спрятать в тайном хранилище сокровищ Драконьей стражи!	I gotta go put this in the Dragonguard's secret treasure vault!
Conversations/Bank/Dell/Gift Lines/gift_lines/loved_gift/init	[Ari], you'd give me something this cool?!	[Ari], tu me donnes vraiment un truc aussi cool ?!	[Ari], ты правда хочешь подарить мне такую крутоту?!	[Ari], you'd give me something this cool?!
Conversations/Bank/Dell/Gift Lines/gift_lines/loved_gift_2/init	Wow! You find all the coolest stuff, [Ari]! Thanks!	Waouh ! Tu trouves vraiment tous les trucs archicool [Ari] ! Merci !	Ого! Ты находишь такие крутые штуки, [Ari]! Спасибо!	Wow! You find all the coolest stuff, [Ari]! Thanks!
Conversations/Bank/Dell/Gift Lines/gift_lines/loved_gift_critter/init	Oh wow, a new buddy! I gotta show everyone! Thanks [Ari]!	Waouh, un nouveau copain ! Faut que je le montre à tout le monde ! Merci, [Ari] !	Ого, новый друг! Нужно всем показать! Спасибо, [Ari]!	Oh wow, a new buddy! I gotta show everyone! Thanks [Ari]!
Conversations/Bank/Dell/Gift Lines/gift_lines/loved_gift_edible/init	Ooh, more Dragonguard adventuring rations! This is perfect for our next expedition!	Oh, encore des rations pour les aventures de la Garde des dragons ! C'est parfait pour notre prochaine expédition !	Ооо, больше пайков для приключенцев Драконьей стражи! Самое то для нашей следующей экспедиции!	Ooh, more Dragonguard adventuring rations! This is perfect for our next expedition!
Conversations/Bank/Dell/Gift Lines/gift_lines/loved_gift_sword/1	That's the back of my closet where my mom won't find it!	C'est au fond de mon placard, là où maman ne le trouvera pas !	Она находится у задней стенки моего чулана, где мама не найдёт!	That's the back of my closet where my mom won't find it!
Conversations/Bank/Dell/Gift Lines/gift_lines/loved_gift_sword/init	Holy moly, a sword! I'm gonna add this to the Dragonguard armory!	Nom de nom, une épée ! Je vais l'ajouter à l'arsenal de la Garde des dragons !	Вот это да, меч! Он пойдёт прямиком в оружейную Драконьей стражи!	Holy moly, a sword! I'm gonna add this to the Dragonguard armory!
Conversations/Bank/Dell/Gift Lines/gift_lines/neutral_gift/init	Thanks!	Merci !	Спасибо!	Thanks!
Conversations/Bank/Dell/Market Lines/market_darcy_1/market_darcy_1/init	I WANT COFFEE!!!!	JE VEUX DU CAFÉ !!!	Я ХОЧУ КОФЕ!!!	I WANT COFFEE!!!!
Conversations/Bank/Dell/Market Lines/market_darcy_2/market_darcy_2/init	[Ari], buy me some coffee... I'm old enough!	[Ari], achète-moi du café... Je suis assez grande !	[Ari], купи мне кофе... Я уже взрослая!	[Ari], buy me some coffee... I'm old enough!
Conversations/Bank/Dell/Market Lines/market_darcy_3/market_darcy_3/init	Mom said you should get me some of Darcy's coffee... she said it was a good idea. Okay, she didn't say that, but... PLEAAAAASE!	Maman a dit qu'il fallait que tu m'achètes un café chez Darcy... Elle a dit que c'était une bonne idée. Bon, elle l'a pas vraiment dit, mais... S'IL TE PLAAAÎT !	Мама сказала, что тебе стоит взять кофе у Дарси... Она сказала, что это отличная идея. Ладно, не говорила она такого, но... ПОЖАЛУЙСТА!	Mom said you should get me some of Darcy's coffee... she said it was a good idea. Okay, she didn't say that, but... PLEAAAAASE!
Conversations/Bank/Dell/Market Lines/market_darcy_4/market_darcy_4/init	One day I'll be allowed to have Darcy's coffee again, and on that day... I'll be a true warrior!	Un jour, j'aurai le droit de boire du café chez Darcy et ce jour-là... je serai une vraie guerrière !	Однажды мне снова позволят попить кофе Дарси... В этот день я стану настоящим воином!	One day I'll be allowed to have Darcy's coffee again, and on that day... I'll be a true warrior!
Conversations/Bank/Dell/Market Lines/market_louis_1/market_louis_1/init	I wish Mister Louis had cool clothes at his booth... like armor!	Si seulement monsieur Louis avait des vêtements sympas sur son stand... genre, des armures !	Жаль, у мистера Луи нет реально крутой одежды... например, брони!	I wish Mister Louis had cool clothes at his booth... like armor!
Conversations/Bank/Dell/Market Lines/market_louis_2/market_louis_2/init	Mister Louis doesn't like when I tell him to add more pockets to my clothes... I gotta keep my treasures somewhere!	Monsieur Louis n'aime pas quand je lui dis d'ajouter plus de poches à mes habits... Il faut bien que je mette mes trésors quelque part !	Мистеру Луи не нравится, когда я прошу его пришить побольше карманов... Ну нужно же мне где-то хранить свои сокровища!	Mister Louis doesn't like when I tell him to add more pockets to my clothes... I gotta keep my treasures somewhere!
Conversations/Bank/Dell/Market Lines/market_louis_3/market_louis_3/init	I always ask Mister Louis if he has any legendary enchanted clothes, but he only has shirts and stuff... sigh.	Je demande toujours à monsieur Louis s'il a des habits enchantés légendaires, mais il n'a que des chemises ou des trucs comme ça... pfff.	Я постоянно спрашиваю у мистера Луи, есть ли у него какая-нибудь легендарная волшебная одежда, но он торгует только всякими скучными футболками... Эх.	I always ask Mister Louis if he has any legendary enchanted clothes, but he only has shirts and stuff... sigh.
Conversations/Bank/Dell/Market Lines/market_louis_4/market_louis_4/1	"He says I am a ""demon child"". It would be sooo cool if I was!"	Il dit que je suis « un vrai petit démon ». Ce serait trooop cool si c'était vrai !	Он говорит, что я чертёнок. Как же круто было бы, если б так и правда было!	"He says I am a ""demon child"". It would be sooo cool if I was!"
Conversations/Bank/Dell/Market Lines/market_louis_4/market_louis_4/init	Mom says Mister Louis is scared of me, on account of he always has to mend my clothes...	Maman dit que monsieur Louis a peur de moi, parce qu'il doit tout le temps raccommoder mes vêtements...	Мама говорит, мистер Луи меня боится, потому что ему постоянно приходится зашивать дырки на моей одежде...	Mom says Mister Louis is scared of me, on account of he always has to mend my clothes...
Conversations/Bank/Dell/Market Lines/market_merri_1/market_merri_1/init	That dresser at Miss Merri's booth would make a great fort...	La commode chez mademoiselle Merri ferait une super forteresse...	Из этого шкафчика в лавке Мэрри вышел бы отличный форт...	That dresser at Miss Merri's booth would make a great fort...
Conversations/Bank/Dell/Market Lines/market_merri_2/market_merri_2/init	That bunk bed at Miss Merri's booth would make a great fort...	Le lit superposé chez mademoiselle Merri ferait une super forteresse...	Из этой кровати в лавке Мэрри вышел бы отличный форт...	That bunk bed at Miss Merri's booth would make a great fort...
Conversations/Bank/Dell/Market Lines/market_merri_3/market_merri_3/init	That bookshelf at Miss Merri's booth would make a great fort...	L'étagère chez mademoiselle Merri ferait une super forteresse...	Из этой книжной полки в лавке Мэрри вышел бы отличный форт...	That bookshelf at Miss Merri's booth would make a great fort...
Conversations/Bank/Dell/Market Lines/market_merri_4/market_merri_4/init	That dining table at Miss Merri's booth would make a great fort...	La table de salle à manger chez mademoiselle Merri ferait une super forteresse...	Из этого обеденного стола в лавке Мэрри вышел бы отличный форт...	That dining table at Miss Merri's booth would make a great fort...
Conversations/Bank/Dell/Market Lines/market_stillwell_1/market_stillwell_1/init	I make my OWN destiny, [Ari]... I don't want any fortune from Mister Stillwell.			I make my OWN destiny, [Ari]... I don't want any fortune from Mister Stillwell.
Conversations/Bank/Dell/Market Lines/market_stillwell_2/market_stillwell_2/init	Mister Olric said he feels stronger after getting a fortune from Mister Stillwell... do you think it's true?			Mister Olric said he feels stronger after getting a fortune from Mister Stillwell... do you think it's true?
Conversations/Bank/Dell/Market Lines/market_stillwell_3/market_stillwell_3/init	I don't want Mister Stillwell to tell me what my destiny is, but if his fortunes power you up then that would be cool for the Dragonguard... what should I do, [Ari]?			I don't want Mister Stillwell to tell me what my destiny is, but if his fortunes power you up then that would be cool for the Dragonguard... what should I do, [Ari]?
Conversations/Bank/Dell/Market Lines/market_stillwell_4/market_stillwell_4/init	I got my fortune from Mister Stillwell, I feel powered up! And I didn't let him tell me about my destiny or anything... I covered my ears and yelled while he read my fortune!			I got my fortune from Mister Stillwell, I feel powered up! And I didn't let him tell me about my destiny or anything... I covered my ears and yelled while he read my fortune!
Conversations/Bank/Dell/Market Lines/market_taliferro/market_taliferro_1/1	He didn't even taste it before he threw it away!	Il ne l'a même pas goûtée avant de la jeter !	А он его выкинул и даже не попробовал!	He didn't even taste it before he threw it away!
Conversations/Bank/Dell/Market Lines/market_taliferro/market_taliferro_1/init	I gave Mister Taliferro an extra big mud pie as my entry for this week's $Cooking Challenge$!	J'ai donné à monsieur Taliferro une tarte à la boue super grande pour le $défi gastronomique$ de cette semaine !	Я принесла мистеру Талиферро на $смотр блюд$ этой недели особенно огромный грязевой пирожок.	I gave Mister Taliferro an extra big mud pie as my entry for this week's $Cooking Challenge$!
Conversations/Bank/Dell/Market Lines/market_taliferro/market_taliferro_2/1	Maybe he doesn't like dandelions... next time I'll try daisies!	Peut-être qu'il n'aime pas les pissenlits... J'essaierai avec des marguerites, la prochaine fois !	Видимо, ему не нравятся одуванчики... В следующий раз попробую маргаритки!	Maybe he doesn't like dandelions... next time I'll try daisies!
Conversations/Bank/Dell/Market Lines/market_taliferro/market_taliferro_2/init	This week, I made Mister Taliferro a mud pie covered in flowers for his $Cooking Challenge$...	Cette semaine, j'ai préparé une tarte à la boue couverte de fleurs, pour le $défi gastronomique$ de monsieur Taliferro...	На этой неделе для $смотра блюд$ я сделала мистеру Талиферро грязевой пирожок с цветочками...	This week, I made Mister Taliferro a mud pie covered in flowers for his $Cooking Challenge$...
Conversations/Bank/Dell/Market Lines/market_taliferro/market_taliferro_3/1	I added two... no, three different kinds of seaweed to that baby! And did he appreciate my craft? No!	J'y ai mis deux... non, trois sortes d'algues différentes ! Tu crois qu'il aurait apprécié mon travail ? Même pas !	Я добавила туда два... нет, три разных вида водорослей! Думаешь, он оценил моё искусство? Нет!	I added two... no, three different kinds of seaweed to that baby! And did he appreciate my craft? No!
Conversations/Bank/Dell/Market Lines/market_taliferro/market_taliferro_3/init	I made a deluxe seaweed mud pie just for Mister Taliferro's $Cooking Challenge$!	J'ai préparé une tarte à la boue et aux algues très raffinée rien que pour le $défi gastronomique$ de monsieur Taliferro !	Специально для $смотра блюд$ мистера Талиферро я приготовила изысканный грязевой пирожок с водорослями...	I made a deluxe seaweed mud pie just for Mister Taliferro's $Cooking Challenge$!
Conversations/Bank/Dell/Market Lines/market_taliferro/market_taliferro_4/1	He doesn't appreciate all the hard work it took... I went all the way down to the Beach just to gather everything!	Il n'a même pas apprécié le travail que ça m'a demandé... J'avais fait tout le chemin jusqu'à la plage rien que pour récupérer les ingrédients !	Он совсем не ценит мой тяжёлый труд... А мне пришлось ходить на пляж, чтобы собрать ингредиенты!	He doesn't appreciate all the hard work it took... I went all the way down to the Beach just to gather everything!
Conversations/Bank/Dell/Market Lines/market_taliferro/market_taliferro_4/2	Well, I mostly played with the crabs.	Bon, j'ai surtout joué avec les crabes.	Хотя я больше играла с крабами.	Well, I mostly played with the crabs.
Conversations/Bank/Dell/Market Lines/market_taliferro/market_taliferro_4/init	This week I made an extra special sandy seashell mud pie for Mister Taliferro's $Cooking Challenge$!	Cette semaine, j'ai fait une tarte à la boue sablée et aux coquillages super spéciale pour le $défi gastronomique$ de monsieur Taliferro !	На этой неделе я принесла на $смотр блюд$ мистера Талиферро особый песочно-грязевой пирожок с ракушками...	This week I made an extra special sandy seashell mud pie for Mister Taliferro's $Cooking Challenge$!
Conversations/Bank/Dell/Market Lines/market_vera_1/market_vera_1/init	I want blue hair! Blue hair!!	Je veux des cheveux bleus ! Des cheveux bleus !!	Я хочу синие волосы! Синие волосы!	I want blue hair! Blue hair!!
Conversations/Bank/Dell/Market Lines/market_vera_2/market_vera_2/init	BLUE! I WANT BLUE HAIR!	BLEUS ! JE VEUX DES CHEVEUX BLEUS !	СИНИЕ! ХОЧУ СИНИЕ ВОЛОСЫ!	BLUE! I WANT BLUE HAIR!
Conversations/Bank/Dell/Market Lines/market_vera_3/market_vera_3/init	Mom says I can have blue hair when I'm older...	Maman dit que je pourrai avoir les cheveux bleus quand je serai plus grande...	Мама говорит, я смогу покрасить волосы в синий, когда вырасту...	Mom says I can have blue hair when I'm older...
Conversations/Bank/Dell/Market Lines/market_vera_4/market_vera_4/init	Do you think my mom will let me get blue hair?	Tu crois que maman me laissera avoir des cheveux bleus ?	Как думаешь, мама разрешит мне покрасить волосы в синий?	Do you think my mom will let me get blue hair?
Conversations/Bank/Dell/Market Lines/market_wheedle_1/market_wheedle_1/1	Do you think it would power up my adventuring stick, too? I bet it would!	Tu crois que ça marcherait sur mon bâton d'aventurière aussi ? Je parie que oui !	Как думаешь, мою палку для приключений оно тоже усилит? Наверняка да!	Do you think it would power up my adventuring stick, too? I bet it would!
Conversations/Bank/Dell/Market Lines/market_wheedle_1/market_wheedle_1/init	Mister Wheedle says his $Snake Oil$ powers up swords and stuff...	Monsieur Wheedle dit que son $huile de couleuvre$ donne plus de puissance aux épées et tout ça...	Мистер Хлюст говорит, что его $змеиное масло$ усиливает мечи и всякое оружие...	Mister Wheedle says his $Snake Oil$ powers up swords and stuff...
Conversations/Bank/Dell/Market Lines/market_wheedle_2/market_wheedle_2/1	And so does he. How does he do that? What's his secret?	Un peu comme lui. Comment il fait ? Quel est son secret ?	И он тоже выглядит скользко. Как ему это удаётся? В чём его секрет?	And so does he. How does he do that? What's his secret?
Conversations/Bank/Dell/Market Lines/market_wheedle_2/market_wheedle_2/init	Mister Wheedle's $Fast Food$ looks so greasy...	Les plats $sur le pouce$ de monsieur Wheedle ont l'air de suinter le gras...	У мистера Хлюста такой маслянистый $фастфуд$...	Mister Wheedle's $Fast Food$ looks so greasy...
Conversations/Bank/Dell/Market Lines/market_wheedle_3/market_wheedle_3/1	I don't really get it, but he is hard to look at.	Je ne vois pas pourquoi, mais il fait mal aux yeux quand on le regarde.	Я не очень понимаю, о чём она, но смотреть на него неприятно.	I don't really get it, but he is hard to look at.
Conversations/Bank/Dell/Market Lines/market_wheedle_3/market_wheedle_3/init	Maple thinks we should arrest Mister Wheedle for 'fashion crimes'.	Maple dit qu'on devrait arrêter monsieur Wheedle pour « crime contre la mode ».	Мэйпл считает, что Хлюста надо арестовать за «преступления против хорошего вкуса».	Maple thinks we should arrest Mister Wheedle for 'fashion crimes'.
Conversations/Bank/Dell/Market Lines/market_wheedle_4/market_wheedle_4/1	Actually, she said he's the one adult we're allowed to annoy as much as we want!	En fait, elle a dit que c'était le seul adulte qu'on avait le droit d'embêter tant qu'on voulait !	Вообще-то, она сказала, что он — единственный взрослый, которому нам разрешено надоедать!	Actually, she said he's the one adult we're allowed to annoy as much as we want!
Conversations/Bank/Dell/Market Lines/market_wheedle_4/market_wheedle_4/init	Mom told me that the Dragonguard should keep an eye on Mister Wheedle.	Maman m'a dit que la Garde des dragons devait garder monsieur Wheedle à l'œil.	Мама мне сказала, что Драконьей страже стоит присмотреть за Хлюстом.	Mom told me that the Dragonguard should keep an eye on Mister Wheedle.
Conversations/Bank/Dell/Market Lines/market_zorel_1/market_zorel_1/1	Do you think I could convince my parents to get me an instrument, too?	Tu crois que j'arriverais à convaincre mes parents de me trouver un instrument, à moi aussi ?	Как ты думаешь, получится уговорить родителей купить мне музыкальный инструмент?	Do you think I could convince my parents to get me an instrument, too?
Conversations/Bank/Dell/Market Lines/market_zorel_1/market_zorel_1/init	Isn't Zorel the coolest?	Elle est trop cool, Zorel, hein ?	Зорель такая классная!	Isn't Zorel the coolest?
Conversations/Bank/Dell/Museum Lines/alda_bronze_sword/alda_bronze_sword/1	I thought it was that color because it was magical, but Mister March says that's oxi... oxida... oxidation!	Je croyais qu'elle avait cette couleur parce qu'elle était magique, mais monsieur March dit que c'est à cause de l'oxy... oxyda... oxydation !	Я думала, он такого цвета потому, что волшебный, но мистер Март сказал, что это окси... окись... окисление!	I thought it was that color because it was magical, but Mister March says that's oxi... oxida... oxidation!
Conversations/Bank/Dell/Museum Lines/alda_bronze_sword/alda_bronze_sword/2	Sounds like magic if you ask me!	Ça sonne quand même comme un truc magique, je trouve !	По-моему, это тоже своего рода магия!	Sounds like magic if you ask me!
Conversations/Bank/Dell/Museum Lines/alda_bronze_sword/alda_bronze_sword/init	The =Alda Bronze Sword= is SO cool.	L'=épée en bronze d'Alda= est TROP géniale.	Этот =альдийский бронзовый меч= ТАКОЙ крутой.	The =Alda Bronze Sword= is SO cool.
Conversations/Bank/Dell/Museum Lines/aldarian_sword/aldarian_sword/1	Is it really from the War of the Lilies? That's so COOL!	Elle date vraiment de la guerre des Lys ? C'est trop COOL !	Он правда с Войны Лилий? Это же ТАК КРУТО!	Is it really from the War of the Lilies? That's so COOL!
Conversations/Bank/Dell/Museum Lines/aldarian_sword/aldarian_sword/init	Mister Errol showed me the =Aldarian Sword= you brought to the Museum, [Ari]!	Monsieur Errol m'a montré l'=épée aldarienne= que tu as apportée au musée, [Ari] !	Мистер Эррол показал мне =альдарийский меч=, который ты <p>принесли</p><f>принесла</f><m>принёс</m><n>принесло</n> в музей, [Ari]!	Mister Errol showed me the =Aldarian Sword= you brought to the Museum, [Ari]!
Conversations/Bank/Dell/Museum Lines/archerfish/archerfish/1	Maybe I shouldn't tell Luc.	Je ne devrais peut-être pas raconter ça à Luc.	Пожалуй, я не скажу об этом Люку.	Maybe I shouldn't tell Luc.
Conversations/Bank/Dell/Museum Lines/archerfish/archerfish/init	Miss Terithia said the $Archerfish$ at the Museum shoots water like an arrow to catch bugs!	Mademoiselle Terithia m'a dit que le $poisson archer$, au musée, crache de l'eau comme si c'était une flèche pour attraper des insectes.	Мисс Теризия сказала, что $рыба-лучник$ из музея стреляет водой, как стрелой, чтобы ловить жуков!	Miss Terithia said the $Archerfish$ at the Museum shoots water like an arrow to catch bugs!
Conversations/Bank/Dell/Museum Lines/biggest_beetle/biggest_beetle/1	The $BIGGEST BEETLE$! I saw it at the Museum! It's sooo cool!	Le $SCARÂBLÉ$ que j'ai vu au musée ! Il est trooop génial !	$БОЛЬШУЩИЙ ЖУК$! Я видела такого в музее! Он такооой крутой!	The $BIGGEST BEETLE$! I saw it at the Museum! It's sooo cool!
Conversations/Bank/Dell/Museum Lines/biggest_beetle/biggest_beetle/init	You know what's better than a big beetle, [Ari]?	Tu sais ce qui est encore mieux qu'un gros scarabée [Ari] ?	[Ari], ты знаешь, что может быть круче, чем большой жук?	You know what's better than a big beetle, [Ari]?
Conversations/Bank/Dell/Museum Lines/caldosian_sword/caldosian_sword/1	Did you donate it? If you find another one, please donate it to me! The Dragonguard thanks you in advance.	C'est un don de ta part ? Si tu en trouves une autre, tu pourras me la donner, s'il te plaît ? La Garde des dragons te remercie d'avance.	Это ты <p>пожертвовали</p><f>пожертвовала</f><m>пожертвовал</m><n>пожертвовало</n> его? Если найдёшь ещё один, пожертвуй его мне, пожалуйста! Драконья стража заранее выражает благодарность.	Did you donate it? If you find another one, please donate it to me! The Dragonguard thanks you in advance.
Conversations/Bank/Dell/Museum Lines/caldosian_sword/caldosian_sword/init	Mister Errol put a =Caldosian Sword= on display at the Museum, [Ari]!	Monsieur Errol a exposé une =épée caldosienne= au musée, [Ari] !	Мистер Эррол выставил =кальдосийский меч= в музее, [Ari]!	Mister Errol put a =Caldosian Sword= on display at the Museum, [Ari]!
Conversations/Bank/Dell/Museum Lines/cave_shark/cave_shark/1	I thought she was making it up, but then I went to the Museum and saw it! A $Cave Shark$! The legends are true!	Je croyais qu'elle avait inventé cette excuse, mais je suis allée au musée et je l'ai vu ! Un $requin troglodyte$ ! Les légendes sont vraies !	Я думала, она это придумала, но потом я пошла в музей и увидела! $Пещерную акулу$! Легенды правдивы!	I thought she was making it up, but then I went to the Museum and saw it! A $Cave Shark$! The legends are true!
Conversations/Bank/Dell/Museum Lines/cave_shark/cave_shark/init	My mom said I shouldn't go into caves because the sharks would get me!	Ma maman dit que je ne devrais pas aller dans les grottes parce que les requins pourraient m'attraper !	Мама сказала, чтобы я не ходила в пещеры, потому что там акулы!	My mom said I shouldn't go into caves because the sharks would get me!
Conversations/Bank/Dell/Museum Lines/crab_statue/crab_statue/1	Maybe someone made it in her honor!	Peut-être que quelqu'un l'a faite en son honneur !	Может, эту статуэтку сделали в её честь!	Maybe someone made it in her honor!
Conversations/Bank/Dell/Museum Lines/crab_statue/crab_statue/init	Did you know? The $Crab Statue$ at the Museum looks like a crab I'm friends with.	Tu sais quoi ? La $statuette de crabe$, au musée, ressemble à un vrai crabe avec qui je suis copine.	Знаешь, что? $Статуэтка краба$ в музее похожа на одну мою подругу-краба.	Did you know? The $Crab Statue$ at the Museum looks like a crab I'm friends with.
Conversations/Bank/Dell/Museum Lines/earth_eel/earth_eel/1	Though, Luc did say it was an eel, too... I guess I better take his word for it.	Quoique... Luc aussi a dit que c'était une anguille... Je devrais peut-être le croire.	Хотя Люк тоже сказал, что это угорь... Ладно, так и быть, поверю ему на слово.	Though, Luc did say it was an eel, too... I guess I better take his word for it.
Conversations/Bank/Dell/Museum Lines/earth_eel/earth_eel/init	Errol says that thing at the Museum is an $Earth Eel$, but I know a worm when I see one! Even a big one!	Errol dit que ce truc, au musée, est une $anguille de terre$, mais moi, je sais reconnaître un ver quand j'en vois un ! Même s'il est gros !	Эррол говорит, что в музее — $земляной угорь$, но я-то вижу, что это червяк! Ну, просто большой.	Errol says that thing at the Museum is an $Earth Eel$, but I know a worm when I see one! Even a big one!
Conversations/Bank/Dell/Museum Lines/lava_snail/lava_snail/1	She knew I'd put it in someone's hair.	Elle se doutait que je l'aurais mis dans les cheveux de quelqu'un.	Она догадалась, что я засуну её кому-нибудь в волосы.	She knew I'd put it in someone's hair.
Conversations/Bank/Dell/Museum Lines/lava_snail/lava_snail/2	Then she said that's how Mister Errol lost all his hair! Poor Mister Errol...	Ensuite elle m'a dit que c'était à cause de ça que monsieur Errol avait perdu tous ses cheveux ! Pauvre monsieur Errol...	А потом она сказала, что именно так мистер Эррол лишился волос! Бедный мистер Эррол...	Then she said that's how Mister Errol lost all his hair! Poor Mister Errol...
Conversations/Bank/Dell/Museum Lines/lava_snail/lava_snail/init	My mom says I'm not allowed to have any $Lava Snails$ like the one I saw at the Museum.	Maman dit que je n'ai pas le droit d'avoir un $escargot de lave$ comme celui que j'ai vu au musée.	Мама запретила мне заводить $лавовую улитку$, которую мы видели в музее.	My mom says I'm not allowed to have any $Lava Snails$ like the one I saw at the Museum.
Conversations/Bank/Dell/Museum Lines/lightning_dragonfly/lightning_dragonfly/1	I saw one in a storm once, and no one believed me!	J'en avais vu une, un jour d'orage, mais personne ne m'a crue !	Я однажды видела одну во время грозы, но мне никто не поверил!	I saw one in a storm once, and no one believed me!
Conversations/Bank/Dell/Museum Lines/lightning_dragonfly/lightning_dragonfly/init	Mister Errol says you caught the =Lightning Dragonfly= at the Museum! I knew it was real!	Monsieur Errol a dit qui tu avais attrapé la =libellule électrique= du musée ! Je savais bien qu'elle existait en vrai !	Мистер Эррол сказал, что ты <p>поймали</p><f>поймала</f><m>поймал</m><n>поймало</n> =стрекозу-молнию= для музея! Я знала, что они настоящие!	Mister Errol says you caught the =Lightning Dragonfly= at the Museum! I knew it was real!
Conversations/Bank/Dell/Museum Lines/mote_firefly/mote_firefly/1	He said there's a legend that it guides lost travelers through the woods.	Il m'a dit que d'après une légende, ces lucioles guidaient les voyageurs égarés dans les bois.	Он сказал, что, согласно легенде, этот светлячок выводит из чащи заблудившихся путников.	He said there's a legend that it guides lost travelers through the woods.
Conversations/Bank/Dell/Museum Lines/mote_firefly/mote_firefly/2	That's so cool! I want to guide lost travelers, too!	C'est trop génial ! Moi aussi, je veux guider les voyageurs perdus !	Звучит так круто! Я тоже хочу выводить заблудившихся путников!	That's so cool! I want to guide lost travelers, too!
Conversations/Bank/Dell/Museum Lines/mote_firefly/mote_firefly/init	Mister Eiland saw me looking at the $Mote Firefly$ at the Museum and told me a story!	Monsieur Eiland m'a vu regarder la $luciole des bois$ au musée et m'a raconté une histoire !	Мистер Эйланд подошёл ко мне в музее, когда я рассматривала $светлячка-крошку$, и рассказал такую историю!	Mister Eiland saw me looking at the $Mote Firefly$ at the Museum and told me a story!
Conversations/Bank/Dell/Museum Lines/sea_glass/sea_glass/1	He laughed and said it wasn't!	Il a rigolé et dit que pas du tout !	А он рассмеялся и сказал: «Вовсе нет!»	He laughed and said it wasn't!
Conversations/Bank/Dell/Museum Lines/sea_glass/sea_glass/2	But then he wouldn't give me any! I was right, wasn't I?!	Mais après, il a refusé de m'en donner ! Ça prouve que j'avais raison, non ?!	Но забрать его он мне не даёт! Получается, я была права?!	But then he wouldn't give me any! I was right, wasn't I?!
Conversations/Bank/Dell/Museum Lines/sea_glass/sea_glass/init	I told Mister Errol that the $Sea Glass$ you donated looked super valuable...	J'ai dit à monsieur Errol que le $verre poli$ dont tu avais fait don avait l'air super précieux...	Я сказала мистеру Эрролу, что $морское стекло$, которое ты <p>принесли</p><f>принесла</f><m>принёс</m><n>принесло</n>, наверняка очень ценное...	I told Mister Errol that the $Sea Glass$ you donated looked super valuable...
Conversations/Bank/Dell/Museum Lines/winged_shrimp/winged_shrimp/init	That little $Winged Shrimp$ at the Museum... can it really fly?!	Cette petite $crevette ailée$, au musée... Elle vole vraiment ?!	Я видела в музее маленькую $крылатую креветку$... Она что, правда летает?!	That little $Winged Shrimp$ at the Museum... can it really fly?!
